citation,document_number,end_page,html_url,pdf_url,type,subtype,publication_date,signing_date,start_page,title,disposition_notes,executive_order_number,not_received_for_publication
26 FR 639,,"","","",Presidential Document,Executive Order,01/24/1961,1961-01-21,"",Providing for an expanded program of food distribution to needy families,"",10914,""
26 FR 781,,"","","",Presidential Document,Executive Order,01/26/1961,1961-01-24,"",Amending prior Executive Orders to provide for the responsibilities of the Director of the Food-for-Peace Program,"Amends: EO 10893, November 8, 1960; EO      10900, January 5, 1961
Amended by: EO 10973, November 3, 1961; EO      11963, January 19, 1977; EO 12148, July      20, 1979",10915,""
26 FR 1239,,"","","",Presidential Document,Executive Order,02/14/1961,1961-02-10,"",Abolishing certain committees on Government organization and management improvement,"Amends: EO 10072, July 29, 1949
Revokes: EO 10432, January 24,      1953",10917,""
26 FR 1463,,"","","",Presidential Document,Executive Order,02/21/1961,1961-02-17,"","Creating an emergency board to investigate a dispute between the Pan American World Airways, Inc., and certain of its employees","Amended by: EO 10926, March 18, 1961
Revoked by: EO 12553, February 25, 1986",10919,""
26 FR 1553,,"","","",Presidential Document,Executive Order,02/24/1961,1961-02-21,"",Establishing a commission to inquire into a controversy between certain air carriers and certain of their employees,"Amended by: EO 10922, February 23, 1961",10921,""
26 FR 1699,,"","","",Presidential Document,Executive Order,02/28/1961,1961-02-24,"","Creating an emergency board to investigate disputes between the Northwest Airlines, Inc., and certain of its employees","Amended by: EO 10933, April 12, 1961
Revoked by: EO 12553, February 25, 1986",10923,""
26 FR 1789,,"","","",Presidential Document,Executive Order,03/02/1961,1961-03-01,"",Establishment and administration of the Peace Corps in the Department of State,"See: EO 10893, November 8, 1960; EO      11603, June 30, 1971
Superseded by: EO 11041, August 6, 1962",10924,""
26 FR 1977,,"","","",Presidential Document,Executive Order,03/08/1961,1961-03-06,"",Establishing the President's Committee on Equal Employment Opportunity,"Revokes: EO 10479, August 13,      1953; EO 10482, August 15, 1953;      EO 10557, September 3, 1954; EO      10733, October 10, 1957
Amended by: EO 11114, June 22, 1963;      EO 11162, July 28, 1964
Superseded by: EO 11246, September 24, 1965      (Committee abolished)
See: Memorandum of April 18, 1961 (Public Papers of the President, 1961, Item 137)",10925,""
26 FR 2331,,"","","",Presidential Document,Executive Order,03/21/1961,1961-03-18,"","Amending Executive Order No. 10919, February 17, 1961, to extend the time within which the board created therein, to investigate a dispute between Pan American World Airways, Inc., and certain of its employees, shall report its findings to the President","Amends: EO 10919, February 17, 1961
Revoked by: EO 12553, February 25, 1986",10926,""
26 FR 2383,,"","","",Presidential Document,Executive Order,03/22/1961,1961-03-18,"",Abolishing the President's Committee on Fundraising Within the Federal Service and providing for the conduct of fundraising activities,"Revokes: EO 10728, September 6, 1957
Amended by: EO 12107, December 28, 1978
Revoked by: EO 12353, March 23, 1982",10927,""
26 FR 2583,,"","","",Presidential Document,Executive Order,03/28/1961,1961-03-24,"",Establishing a commission to inquire into a controversy between certain carriers and certain of their employees,"See: EO 10891, November 1, 1960; EO      10948, June 12, 1961
Amended by: EO 10991, February 6, 1962",10929,""
26 FR 2583,,"","","",Presidential Document,Executive Order,03/28/1961,1961-03-24,"",Abolishing the Government Patents Board and providing for the performance of its functions,"Revokes in part: EO 10096, January 23, 1950
See: EO 9865, June 14, 1947",10930,""
26 FR 3507,,"","","",Presidential Document,Executive Order,04/25/1961,1961-04-22,"","Inspection of income, excess-profits, estate, and gift tax returns by the Committee on Un-American Activities, House of Representatives","",10935,""
26 FR 3555,,"","","",Presidential Document,Executive Order,04/26/1961,1961-04-24,"",Reports of identical bids,"Revoked by: EO 12430, July 6, 1983",10936,""
26 FR 3951,,"","","",Presidential Document,Executive Order,05/06/1961,1961-05-04,"",Establishing the President's Foreign Intelligence Advisory Board,"Revokes: EO 10656, February 6, 1956
Revoked by: EO 11460, March 20, 1969",10938,""
26 FR 3951,,"","","",Presidential Document,Executive Order,05/06/1961,1961-05-05,"",To provide a guide on ethical standards to Government officials,"Revoked by: EO 11222, May 8, 1965",10939,""
26 FR 4136,,"","","",Presidential Document,Executive Order,05/13/1961,1961-05-11,"",Establishing the President's Committee on Juvenile Delinquency and Youth Crime,"Revoked by: EO 11529, April 24, 1970",10940,""
26 FR 4419,,"","","",Presidential Document,Executive Order,05/23/1961,1961-05-19,"",Creating an emergency board to investigate a dispute between the Baltimore and Ohio Railroad Company and other carriers and certain of their employees,"Revoked by: EO 12553, February 25, 1986",10944,""
26 FR 4487,,"","","",Presidential Document,Executive Order,05/25/1961,1961-05-24,"",Administration of the Export Control Act of 1949,"Supersedes (export control provisions): Proc. 2413, July 2, 1940; EO      8900, September 15, 1941; EO 8982, December      17, 1941; EO 9361, July 15, 1943; EO      9380, September 25, 1943; EO 9630, September      27, 1945; EO 9919, January 3, 1948
Continued by: EO 11038, July 23, 1962
See: EO 11533, June 4, 1970; 50 U.S.C. App.      2021-2032
Note: This Executive order is no longer in effect; the Export Administration Act of 1969 is codified in the United States Code and EO 11533 regulates exports.",10945,""
26 FR 5731,,"","","",Presidential Document,Executive Order,06/28/1961,1961-06-26,"",Creating a Board of Inquiry to report on a labor dispute affecting the maritime industry of the United States,"Amended by: EO 10951, June 29, 1961
Revoked by: EO 12553, February 25, 1986",10949,""
26 FR 5918,,"","","",Presidential Document,Executive Order,07/01/1961,1961-06-29,"","Amending Executive Order No. 10949, June 26, 1961, to extend the time within which the Board of Inquiry created therein, to inquire into the issues involved in a labor dispute affecting the maritime industry, shall report to the President","Amends: EO 10949, June 26, 1961
Revoked by: EO 12553, February 25, 1986",10951,""
26 FR 6577,,"","","",Presidential Document,Executive Order,07/22/1961,1961-07-20,"",Assigning civil defense responsibilities to the Secretary of Defense and others,"Amends: EO 10773, July 1, 1958
See: Reorganization Plan No. 1 of 1958; EO 10958,      August 14, 1961; EO's 10996-11005,      February 16, 1962; EO 11589, April 3, 1971;      EO 11725, June 27, 1973; Public Law 93-608,      January 2, 1975 (88 Stat. 1971) sec. 2(3)
Amended by: EO 11051, September 27, 1962
Revoked by: EO 12148, July 20, 1979",10952,""
26 FR 6759,,"","","",Presidential Document,Executive Order,07/28/1961,1961-07-26,"","Amendment of Executive Order 10906, authorizing inspection of certain tax returns","Amends: EO 10906, January 17,      1961
See: EO 10738, November 15, 1957
Revoked by: EO 12553, February 25, 1986",10954,""
26 FR 7315,,"","","",Presidential Document,Executive Order,08/12/1961,1961-08-10,"","Amendment of Executive Order No. 10841, relating to international cooperation under the Atomic Energy Act of 1954, as amended","Amends: EO 10841, September 30, 1959",10956,""
26 FR 7541,,"","","",Presidential Document,Executive Order,08/15/1961,1961-08-10,"",Assigning authority with respect to ordering persons and units in the Ready Reserve to active duty and with respect to the extension of enlistments and other periods of service in the Armed Forces,"See: EO 11058, October 18, 1962",10957,""
26 FR 7571,,"","","",Presidential Document,Executive Order,08/16/1961,1961-08-14,"",Delegating functions with respect to civil defense stockpiles of medical supplies and equipment and food,"See: Reorganization Plan 1, 1958; EO 10530,      May 10, 1954; EO 10952, July 20, 1961; EO      11725, June 27, 1973
Supersedes in part: EO 10773, July 1, 1958;      EO 10902, January 9, 1961
Amended by: EO 11051, September 27, 1962
Revoked by: EO 11794, July 11, 1974",10958,""
26 FR 7823,,"","","",Presidential Document,Executive Order,08/23/1961,1961-08-21,"",Providing procedures for the award of the National Medal of Science,"See: EO 10910, January 17, 1961
Revoked by: EO 11287, June 28, 1966
President's Committee on the National Medal of Science continued by: EO      11287, June 28, 1966",10961,""
26 FR 8001,,"","","",Presidential Document,Executive Order,08/26/1961,1961-08-23,"",Inspection of tax returns by the Advisory Commission on Intergovernmental Relations,"Revoked by: EO 12553, February 25, 1986",10962,""
26 FR 9667,,"","","",Presidential Document,Executive Order,10/13/1961,1961-10-10,"","Inspection of income, excess-profits, estate, and gift tax returns by the Committee on Government Operations, House of Representatives","",10966,""
26 FR 9667,,"","","",Presidential Document,Executive Order,10/13/1961,1961-10-11,"",Creating an emergency board to investigate a dispute between the Reading Company and certain of its employees,"Revoked by: EO 12553, February 25, 1986",10969,""
26 FR 10469,,"","","",Presidential Document,Executive Order,11/07/1961,1961-11-03,"","Administration of the Agricultural Trade Development and Assistance Act of 1954, as amended","Amends: EO 10900, January 5,      1961
Revoked by: EO 12220, June 27, 1980",10972,""
26 FR 10469,,"","","",Presidential Document,Executive Order,11/07/1961,1961-11-03,"",Administration of foreign assistance and related functions,"Supersedes: EO 10893, November 8, 1960 (in      part); EO 10915, January 24, 1961 (in part); EO      10955, July 31, 1961
Amended by: EO 11261, December 11, 1965;      EO 11417, July 24, 1968; EO      11432, October 22, 1968; EO 11579, January      19, 1971; EO 11685, September 25, 1972;EO      11816, October 23, 1974; EO 11841, February      28, 1975; EO 11959, January 18, 1977;      EO 12107, December 28, 1978; EO      12118, February 6, 1979
See: EO 11322, January 5, 1967; EO      11896, January 13, 1976
Revoked by: EO 12163, September 29, 1979",10973,""
26 FR 10585,,"","","",Presidential Document,Executive Order,11/10/1961,1961-11-08,"",Establishing the President's Commission on Campaign Costs,"Amended by: EO 11039, August 3, 1962",10974,""
26 FR 11937,,"","","",Presidential Document,Executive Order,12/14/1961,1961-12-12,"","Amendment of Executive Order No. 10717, establishing the President's Award for Distinguished Federal Civilian Service","Amends: EO 10717, June 27, 1957",10979,""
26 FR 12059,,"","","",Presidential Document,Executive Order,12/16/1961,1961-12-14,"",Establishing the President's Commission on the Status of Women,"See: EO 11126, November 1, 1963",10980,""
26 FR 12749,,"","","",Presidential Document,Executive Order,12/30/1961,1961-12-28,"","Inspection of income, excess-profits, estate, and gift tax returns by the Senate Committee on the Judiciary","",10981,""
27 FR 3,,"","","",Presidential Document,Executive Order,01/03/1962,1961-12-25,"","Administration of the Act of September 26, 1961, relating to evacuation payments, assignments, and allotments, and other matters","Amended by: EO 12107, December 28, 1978;      EO 12748, February 1, 1991",10982,""
27 FR 193,,"","","",Presidential Document,Executive Order,01/09/1962,1962-01-05,"",Amending the Selective Service Regulations,"Amends: 		EO 9988, August 20, 1948; 		EO 10001, September 17, 1948; 		EO 10008, October 18, 1948; 		EO 10116, March 9, 1950; 		EO 10202, January 12, 1951; 		EO 10292, September 25, 1951; 		EO 10328, February 20, 1952; 		EO 10363, June 17, 1952; 		EO 10562, September 20, 1954; 		EO 10594, January 31, 1955; 		EO 10650, January 6, 1956; 		EO 10659, February 15, 1956; 		EO 10714, June 13, 1957; 		EO 10735, October 17, 1957; 		EO 10809, March 19, 1959
Amended by: 		EO 11098, March 14, 1963; 		EO 11119, September 10, 1963; 		EO 11188, November 17, 1964; 		EO 11241, August 26, 1965; 		EO 11350, May 3, 1967; 		EO 11360, June 30, 1967; 		EO 11497, November 26, 1969; 		EO 11527, April 23, 1970; 		EO 11537, June 16, 1970; 		EO 11563, September 26, 1970; 		EO 11586, March 10, 1971
Revoked by: 		EO 12553, February 25, 1986",10984,""
27 FR 439,,"","","",Presidential Document,Executive Order,01/16/1962,1962-01-12,"","Amendment of Executive Order No. 10501, relating to safeguarding official information in the interests of the defense of the United States","Amends: 		EO 10501, November 5, 1953; 		EO 10901, January 9, 1961
See: 		EO 11097, February 28, 1963; 		EO 11652, March 8, 1972",10985,""
27 FR 550,,"","","",Presidential Document,Executive Order,01/19/1962,1962-01-17,"",Agency systems for appeals from adverse actions,"Revoked by: 		EO 11787, June 11, 1974",10987,""
27 FR 1312,,"","","",Presidential Document,Executive Order,02/13/1962,1962-02-09,"",Consolidating the Hiawatha and Marquette National Forests (Michigan) and correcting the land descriptions of Nebraska National Forest (Nebraska) and Wasatch National Forest (Utah),"Amends: Proc. 3379, November 8, 1960; 		EO 10844, October 9, 1959; 		EO 10890, October 27, 1960
See: Unnumbered proclamations of January 16, 1931 and February 12, 1931",10993,""
27 FR 1522,,"","","",Presidential Document,Executive Order,02/20/1962,1962-02-16,"",Assigning emergency preparedness functions to the Secretary of the Interior,"See: 		EO 10952, July 20, 1961
Revoked by: 		EO 11490, October 28, 1969",10997,""
27 FR 1527,,"","","",Presidential Document,Executive Order,02/20/1962,1962-02-16,"",Assigning emergency preparedness functions to the Secretary of Commerce,"See: 		EO 10952, July 20, 1961; FR Doc. 62-9459, 27 FR 9418; FR Doc. 63-3328, 28 FR 3125
Revoked by: 		EO 11490, October 28, 1969",10999,""
27 FR 1532,,"","","",Presidential Document,Executive Order,02/20/1962,1962-02-16,"",Assigning emergency preparedness functions to the Secretary of Labor,"See: 		EO 10952, July 20, 1961
Revoked by: 		EO 11490, October 28, 1969",11000,""
27 FR 1534,,"","","",Presidential Document,Executive Order,02/20/1962,1962-02-16,"","Assigning emergency preparedness functions to the Secretary of Health, Education, and Welfare","See: 		EO 10952, July 20, 1961
Revoked by: 		EO 11490, October 28, 1969",11001,""
27 FR 1540,,"","","",Presidential Document,Executive Order,02/20/1962,1962-02-16,"",Assigning emergency preparedness functions to the Administrator of the Federal Aviation Agency,"See: 		EO 10952, July 20, 1961; FR Doc. 63-3328, 28 FR 3125
Revoked by: 		EO 11490, October 28, 1969",11003,""
27 FR 2143,,"","","",Presidential Document,Executive Order,03/06/1962,1962-03-03,"",Creating an emergency board to investigate dispute between the Akron & Barberton Belt Railroad Company and other carriers and certain of their employees,"Revoked by: 		EO 12553, February 25, 1986",11008,""
27 FR 2585,,"","","",Presidential Document,Executive Order,03/20/1962,1962-03-16,"","Amending the Manual for Courts-Martial, United States, 1951, to implement section 923a of Title 10, United States Code, relating to prosecution of bad check offenses","See: 		EO 10214, February 8, 1951",11009,""
27 FR 2983,,"","","",Presidential Document,Executive Order,03/30/1962,1962-03-27,"",Providing for the performance of certain functions under sections 1(a) and 1(b) of the Administrative Expenses Act of 1946,"Amends: 		EO 10530, May 10, 1954
Revokes: 		EO 9778, September 10, 1946; 		EO 9805, November 25, 1946; 		EO 9933, February 27, 1948; 		EO 9997, September 8, 1948; 		EO 10069, July 14, 1949; 		EO 10177, October 27, 1950; 		EO 10196, December 20, 1950; 		EO 10274, July 18, 1951; 		EO 10381, August 6, 1952; 		EO 10507, December 10, 1953
Amended by: 		EO 12608, September 9, 1987
Superseded in part by 		EO 11230, June 28, 1965
See: 		EO 10759, March 17, 1958",11012,""
27 FR 3373,,"","","",Presidential Document,Executive Order,04/10/1962,1962-04-07,"",Creating a board of inquiry to report on a labor dispute affecting the maritime industry of the United States,"Revoked by: 		EO 12553, February 25, 1986",11013,""
27 FR 3731,,"","","",Presidential Document,Executive Order,04/19/1962,1962-04-17,"",Delegating to the Secretary of Commerce functions with respect to participation of the United States in the New York World's Fair,"See: 		EO 11034, June 25, 1962",11014,""
27 FR 3905,,"","","",Presidential Document,Executive Order,04/25/1962,1962-04-23,"","Creating an emergency board to investigate disputes between the Chicago and North Western Railway Company, the former Chicago, St. Paul, Minneapolis and Omaha Railway Company, now a part of the Chicago and North Western Railway Company by merger, and certain of their employees","Revoked by: 		EO 12553, February 25, 1986",11015,""
27 FR 4139,,"","","",Presidential Document,Executive Order,05/01/1962,1962-04-25,"",Authorizing award of the Purple Heart,"Amended by: 		EO 11382, November 28, 1967; 		EO 12464, February 23, 1984; 		EO 13286, February 28, 2003; 		EO 13758, January 12, 2017
Supersedes: 		EO 10409, November 12, 1952",11016,""
27 FR 4143,,"","","",Presidential Document,Executive Order,05/01/1962,1962-04-27,"",Increasing from three to four the number of Vice Chairmen of the President's Committee on Employment of the Handicapped,"Amends: 		EO 10994, February 14, 1962
Superseded by: 		EO 11480, September 9, 1969",11018,""
27 FR 4145,,"","","",Presidential Document,Executive Order,05/01/1962,1962-04-27,"",Amending Executive Order No. 10873 to provide for an exception to the Inter-American Development Bank's Immunity from suit specified in the International Organizations Immunities Act,"Amends: 		EO 10873, April 8, 1960",11019,""
27 FR 4659,,"","","",Presidential Document,Executive Order,05/17/1962,1962-05-14,"",Establishing this President's Council on Aging,"Supersedes Letter of March 7, 1959
Amended by: 		EO 11376, October 17, 1967; 		EO 12106, December 28, 1978
Revoked by: 		EO 12379, August 17, 1982",11022,""
27 FR 5531,,"","","",Presidential Document,Executive Order,06/12/1962,1962-06-08,"","Amendment of Executive Order No. 11025, creating a Board of Inquiry to report on a labor dispute affecting the aircraft industry of the United States","Amends: 		EO 11025, June 7, 1962
Revoked by: 		EO 12553, February 25, 1986",11026,""
27 FR 5533,,"","","",Presidential Document,Executive Order,06/12/1962,1962-06-08,"",Creating an emergency board to investigate a dispute between the New York Central Railroad Company System and the Pittsburgh and Lake Erie Railroad Company and certain of their employees,"Revoked by: 		EO 12553, February 25, 1986",11027,""
27 FR 5589,,"","","",Presidential Document,Executive Order,06/13/1962,1962-06-09,"",Transferring lands between the Clark and Mark Twain National Forests (Missouri) and adding certain lands to the Hiawatha National Forest (Michigan),"See: Proc. 2318, January 3, 1939; Proc. 2362, September 11, 1939; Proc. 2363, September 11, 1939; 		EO 10932, April 7, 1961; 		EO 10933, April 12, 1961",11028,""
27 FR 5699,,"","","",Presidential Document,Executive Order,06/15/1962,1962-06-13,"","Amendment of Executive Order No.
11025, creating a Board of Inquiry to report on a labor dispute affecting the aircraft industry of the United States","Amends: 		EO 11025, June 7, 1962
Revoked by: 		EO 12553, February 25, 1986",11029,""
27 FR 5847,,"","","",Presidential Document,Executive Order,06/21/1962,1962-06-15,"","Preparation, presentation, filing, and publication of Executive Orders and Proclamations","Supersedes: 		EO 10006, October 9, 1948
Amended by: 		EO 11354, May 23, 1967; 		EO 12080, September 18, 1978; 		EO 12608, September 9, 1987; 		EO 13403, May 12, 2006
See: 		EO 11051, September 27, 1962; 		EO 11075, January 15, 1963; 		EO 11106, April 18, 1963; 		EO 12038, February 3, 1978; 		EO 13472, September 11, 2008; 		EO 13683, December 11, 2014",11030,""
27 FR 5899,,"","","",Presidential Document,Executive Order,06/22/1962,1962-06-19,"",Quetico-Superior Committee,"Amends: EO 6783, June 30, 1934
Committee extended by 		EO 10134, June 28, 1950; 		EO 10541, June 30, 1954; 		EO 10589, January 15, 1955; 		EO 10767, May 9, 1958
Superseded by: 		EO 11342, April 10, 1967",11031,""
27 FR 6653,,"","","",Presidential Document,Executive Order,07/13/1962,1962-07-11,"","Administration of the Agricultural Trade Development and Assistance Act of 1954, as amended","Amends: 		EO 10900, January 5, 1961
Revoked by: 		EO 12220, June 27, 1980",11036,""
27 FR 7755,,"","","",Presidential Document,Executive Order,08/07/1962,1962-08-03,"",Extension of the President's Commission on Campaign Costs,"Amends: 		EO 10974, November 8, 1961",11039,""
27 FR 8067,,"","","",Presidential Document,Executive Order,08/14/1962,1962-08-10,"",Creating an emergency board to investigate a dispute between the Southern Pacific Company (Pacific Lines) and certain of its employees,"Revoked by: 		EO 12553, February 25, 1986",11042,""
27 FR 8341,,"","","",Presidential Document,Executive Order,08/22/1962,1962-08-20,"",Interagency Coordination of Arms Control and Disarmament Matters,"Amended by: 		EO 12608, September 9, 1987",11044,""
27 FR 8511,,"","","",Presidential Document,Executive Order,08/25/1962,1962-08-21,"",Discontinuing the Guam Island Naval Defensive Sea Area and Guam Island Naval Airspace Reservation,"Revokes: 		EO 8683, February 14, 1941; 		EO 8729, April 2, 1941; 		EO 10341, April 8, 1952",11045,""
27 FR 8575,,"","","",Presidential Document,Executive Order,08/28/1962,1962-08-24,"",Authorizing Award of the Bronze Star Medal,"Amended by: 		EO 11382, November 28, 1967; 		EO 13286, February 28, 2003
Supersedes: 		EO 9419, February 4, 1944",11046,""
27 FR 8665,,"","","",Presidential Document,Executive Order,08/30/1962,1962-08-28,"",Delegating Certain Authority to the Secretary of Defense and the Administrator of the Federal Aviation Agency,"Amended by: 		EO 12608, September 9, 1987
Note: Pursuant to the Department of Transportation Act of October 15, 1966 (49 U.S.C. 1651 note) the Federal Aviation Agency became the Federal Aviation Administration within Department of Transportation.
See: 		EO 10530, May 10, 1954;  EO 10797, December 24, 1958",11047,""
27 FR 8851,,"","","",Presidential Document,Executive Order,09/06/1962,1962-09-04,"",Administration of Wake Island and Midway Island,"Supersedes: EO 199-A, January 20, 1903
Supersedes in part: EO 6935, December 29, 1934
See: 		EO 9709, March 29, 1946; 		EO 9797, November 6, 1946; 32 CFR Part 935",11048,""
27 FR 9693,,"","","",Presidential Document,Executive Order,10/02/1962,1962-09-30,"",Providing assistance for the removal of unlawful obstructions of justice in the State of Mississippi,"",11053,""
27 FR 9695,,"","","",Presidential Document,Executive Order,10/02/1962,1962-10-01,"",Creating a Board of Inquiry to report on certain labor disputes affecting the maritime industry of the United States,"Revoked by: 		EO 12553, February 25, 1986",11054,""
27 FR 10017,,"","","",Presidential Document,Executive Order,10/12/1962,1962-10-11,"",Assigning to the Civil Service Commission certain authority with respect to Federal salaries,"Superseded by: 		EO 11073, January 2, 1963",11056,""
27 FR 10289,,"","","",Presidential Document,Executive Order,10/20/1962,1962-10-18,"",Authorization for the communication of restricted data by the Department of State,"Amended by: 		EO 12038, February 3, 1978
See: 		EO 10841, September 30, 1959",11057,""
27 FR 10927,,"","","",Presidential Document,Executive Order,11/09/1962,1962-11-08,"",Mrs. Anna Eleanor Roosevelt,"",11061,""
27 FR 11447,,"","","",Presidential Document,Executive Order,11/21/1962,1962-11-19,"","Amendment of Executive Order No. 10480, relating to the administration of the Defense Mobilization Program, so as to designate the Department of Defense as a loan guaranteeing agency","Amends: 		EO 10480, August 14, 1953",11062,""
27 FR 11793,,"","","",Presidential Document,Executive Order,11/30/1962,1962-11-28,"","Creating a board of inquiry to report on a labor dispute affecting the ballistics missile, space vehicle and military aircraft industry","",11068,""
27 FR 11847,,"","","",Presidential Document,Executive Order,12/01/1962,1962-11-28,"",Amending Executive Order No. 11017 so as to designate the Secretary of Commerce as a member of the Recreation Advisory Council,"Amends: 		EO 11017, April 27, 1962
Superseded by: 		EO 11278, May 4, 1966",11069,""
27 FR 12393,,"","","",Presidential Document,Executive Order,12/14/1962,1962-12-12,"","Amendment of the list of communicable diseases contained

in Executive Order No.
9708 of March 26, 1946,

as amended by Executive Order No.
10532 of

May 28, 1954","Amends: 		EO 9708, March 26, 1946
Revoked by: 		EO 12452, December 22, 1983
See: 		EO 10532, May 28, 1954",11070,""
27 FR 12875,,"","","",Presidential Document,Executive Order,12/29/1962,1962-12-27,"",Designation of certain foreign countries as economically less developed countries for purposes of the Revenue Act of 1962,"Superseded in part by: 		EO 11224, May 13, 1965
Authority repealed by Pub. L. 94-12 (89 Stat. 59, 26 U.S.C. 955 note)",11071,""
28 FR 3,,"","","",Presidential Document,Executive Order,01/01/1963,1962-12-28,"",Extending the exterior boundaries of the Superior National Forest in Minnesota and the Clark National Forest in Missouri,"",11072,""
28 FR 203,,"","","",Presidential Document,Executive Order,01/09/1963,1963-01-02,"",Providing for Federal salary administration,"Revokes: EO 10072, July 29, 1949
Supersedes: EO 11056, October 11, 1962
Amended by: EO 11173, August 20, 1964
Superseded by: EO 11721, May 23, 1973",11073,""
28 FR 473,,"","","",Presidential Document,Executive Order,01/18/1963,1963-01-15,"",Administration of the Trade Expansion Act of 1962,"Revokes: EO 10082, October 5, 1949; EO      10170, October 12, 1950; EO 10401, October      14, 1952; EO 10741, November 25, 1957
Amends: EO 11051, September 27, 1962
Amended by: EO 11106, April 18, 1963; EO 11113, June 13, 1963
Office of Special Representative for Trade Negotiations abolished by Pub. L. 93-618, January 3, 1975 (88 Stat. 2000) Sec. 141(g)(1)
Revoked by: EO 11846, March 27, 1975
See: EO 11030, June 19, 1962; Proc. 3815,      October 11, 1967; Proc. 3816, October 11, 1967; Proc. 3822, December 16,      1967; Proc. 3951, December 24, 1969; Proc. 3953, December 31, 1969; Title      15 CFR, Part 610, Chap. VI",11075,""
28 FR 629,,"","","",Presidential Document,Executive Order,01/24/1963,1963-01-22,"",Administration of the Migration and Refugee Assistance Act of 1962,"Amended by: EO 11922, June 16, 1976; EO      12608, September 9, 1987",11077,""
28 FR 903,,"","","",Presidential Document,Executive Order,01/31/1963,1963-01-29,"","Inspection of income, excess-profits, estate, and gift tax returns by the Senate Committee on Foreign Relations","",11080,""
28 FR 945,,"","","",Presidential Document,Executive Order,02/01/1963,1963-01-29,"","Amending the Manual for Courts-Martial, United States, 1951, to implement section 815 of title 10, United States Code, relating to nonjudicial punishment","Amends: EO 10214, February 8, 1951 (the      manual prescribed by the EO)",11081,""
28 FR 1131,,"","","",Presidential Document,Executive Order,02/06/1963,1963-02-04,"","Inspection of income, excess-profits, estate, and gift tax returns by the Senate Committee on Government Operations","",11082,""
28 FR 1245,,"","","",Presidential Document,Executive Order,02/08/1963,1963-02-06,"","Inspection of income, excess-profits, estate, and gift tax returns by the Committee on Government Operations, House of Representatives","",11083,""
28 FR 1759,,"","","",Presidential Document,Executive Order,02/26/1963,1963-02-22,"",The Presidential Medal of Freedom,"Amends: EO 9586, July 6, 1945; EO      10336, April 3, 1952; EO 10717, June 27,      1957",11085,""
28 FR 1835,,"","","",Presidential Document,Executive Order,02/28/1963,1963-02-26,"",Assigning emergency preparedness functions to the Secretary of State,"Revoked by: EO 11490, October 28,      1969",11087,""
28 FR 1837,,"","","",Presidential Document,Executive Order,02/28/1963,1963-02-26,"",Assigning emergency preparedness functions to the Secretary of the Treasury,"Revoked by: EO 11490, October 28,      1969",11088,""
28 FR 1839,,"","","",Presidential Document,Executive Order,02/28/1963,1963-02-26,"",Assigning emergency preparedness functions to the Atomic Energy Commission,"Revoked by: EO 11490, October 28,      1969",11089,""
28 FR 1841,,"","","",Presidential Document,Executive Order,02/28/1963,1963-02-26,"",Assigning emergency preparedness functions to the Civil Aeronautics Board,"Revoked by: EO 11490, October 28,      1969",11090,""
28 FR 1847,,"","","",Presidential Document,Executive Order,02/28/1963,1963-02-26,"",Assigning emergency preparedness functions to the Federal Communications Commission,"Revoked by: EO 11490, October 28,      1969",11092,""
28 FR 1851,,"","","",Presidential Document,Executive Order,02/28/1963,1963-02-26,"",Assigning emergency preparedness functions to the Administrator of General Services,"Revoked by: EO 11490, Oct 28, 1969",11093,""
28 FR 1855,,"","","",Presidential Document,Executive Order,02/28/1963,1963-02-26,"",Assigning emergency preparedness functions to: The Board of Governors of the Federal Reserve System; The Federal Home Loan Bank Board; The Farm Credit Administration; The Export-Import Bank of Washington; The Board of Directors of the Federal Deposit Insurance Corporation; The Securities and Exchange Commission; The Administrator of the Small Business Administration; and The Administrator of Veterans Affairs,"Revoked by: EO 11490, October 28,      1969",11094,""
28 FR 1859,,"","","",Presidential Document,Executive Order,02/28/1963,1963-02-26,"",Assigning emergency preparedness functions to: The Board of Directors of the Tennessee Valley Authority; The Railroad Retirement Board; The Administrator of the National Aeronautics and Space Administration; The Federal Power Commission; The Director of the National Science Foundation,"Revoked by: EO 11490, October 28,      1969",11095,""
28 FR 2021,,"","","",Presidential Document,Executive Order,03/02/1963,1963-02-28,"",Establishing a seal for the United States Civil Service Commission,"See notice of March 15, 1988, FR Doc. 88-5617, 53 FR 8530",11096,""
28 FR 2225,,"","","",Presidential Document,Executive Order,03/07/1963,1963-02-28,"","Amendment of Executive Order No. 10501, as amended, relating to authority for the original classification of defense information and material","Amends: EO 10501, November 5,      1953; EO 10901, January 9, 1961
See: EO 10985, January 12, 1962; EO      11652, March 8, 1972",11097,""
28 FR 3305,,"","","",Presidential Document,Executive Order,04/05/1963,1963-04-03,"","Creating an emergency board to investigate disputes between the carriers represented by the Eastern, Western, and Southwestern Carriers' Conference Committees and certain of their employees","Revoked by: EO 12553, February 25, 1986",11101,""
28 FR 3373,,"","","",Presidential Document,Executive Order,04/06/1963,1963-04-04,"",Inspection of returns by possessions of the United States,"Revoked by: EO 12553, February 25, 1986",11102,""
28 FR 3571,,"","","",Presidential Document,Executive Order,04/12/1963,1963-04-10,"",Providing for the appointment of former Peace Corps volunteers to the civilian career services,"Amended by: EO 12107, December 28, 1978
See: EO 12034, January 10, 1978",11103,""
28 FR 3909,,"","","",Presidential Document,Executive Order,04/20/1963,1963-04-18,"",Transferring to the Housing and Home Finance Administrator certain functions of the Atomic Energy Commission under the Atomic Energy Community Act of 1955,"Amends: EO 9816, December 31, 1946; EO      10657, February 14, 1956
Revoked by: EO 12553, February 25, 1986",11105,""
28 FR 5185,,"","","",Presidential Document,Executive Order,05/24/1963,1963-05-22,"","Delegating authority under the International Wheat Agreement Act of 1949, as amended, to the Secretary of Agriculture","Revoked by: EO 12553, February 25, 1986",11108,""
28 FR 5709,,"","","",Presidential Document,Executive Order,06/12/1963,1963-06-11,"",Providing assistance for the removal of obstructions of justice and suppression of unlawful combinations within the State of Alabama,"",11111,""
28 FR 6183,,"","","",Presidential Document,Executive Order,06/15/1963,1963-06-13,"","Amendment of Executive Order No. 11075, as amended, relating to the administration of the trade agreements program","Amends: EO 11075, January 15, 1963
Revoked by: EO 11846, March 27, 1975
See: EO 11106, April 18, 1963",11113,""
28 FR 6485,,"","","",Presidential Document,Executive Order,06/25/1963,1963-06-22,"",Extending the authority of the President's Committee on Equal Employment Opportunity,"Amends: EO 10925, March 6, 1961
Amended by: EO 11162, July 28, 1964
Superseded by: EO 11246, September 24, 1965      (Committee abolished)",11114,""
28 FR 8075,,"","","",Presidential Document,Executive Order,08/08/1963,1963-08-05,"",Prescribing rates of charges for certain hospitalization and dispensary services and delegating authority to prescribe such rates,"Revokes: EO 9411, December 23, 1943
Amends: EO 10530, May 10, 1954
Superseded in part by: EO 11230, June 28,      1965
Revoked by: EO 12553, February 25, 1986",11116,""
28 FR 9863,,"","","",Presidential Document,Executive Order,09/11/1963,1963-09-10,"",Providing assistance for removal of unlawful obstructions of justice in the State of Alabama,"",11118,""
28 FR 9865,,"","","",Presidential Document,Executive Order,09/11/1963,1963-09-10,"",Amending the Selective Service regulations,"Amends: EO 10735, October 17, 1957; EO      10984, January 5, 1962; EO 11098, March 14, 1963
Amended by: EO 11241, August 26, 1965; EO      11497, November 26, 1969; EO 11527, April      23, 1970; EO 11537, June 16, 1970; EO      11563, September 26, 1970
Revoked by: EO 12553, February 25, 1986",11119,""
28 FR 10631,,"","","",Presidential Document,Executive Order,10/03/1963,1963-10-02,"","Amendment of Executive Order No. 10152,
relating to incentive pay for hazardous duty, Executive Order No. 10168,
relating to pay for sea duty and duty at certain places, and Executive Order
No. 10204, relating to basic allowances for
quarters","Amends: EO 10152, August 17, 1950; EO      10168, October 11, 1950; EO 10204, January      15, 1951
Revoked by: EO 11157, June 22, 1964
See: EO 11146, March 13, 1964",11120,""
28 FR 11249,,"","","",Presidential Document,Executive Order,10/22/1963,1963-10-18,"","Amendment of Executive Order No. 10853,
relating to various allowances to certain Government personnel on foreign
duty","Amends: EO 10853, November 27, 1959",11123,""
28 FR 11607,,"","","",Presidential Document,Executive Order,10/31/1963,1963-10-28,"",Enlarging the membership of the President's Advisory Council on the Arts,"Amends: EO 11112, June 12, 1963
Revoked by: EO 11208, March 24, 1965",11124,""
28 FR 11609,,"","","",Presidential Document,Executive Order,10/31/1963,1963-10-29,"","Delegating authority of the President under sections 205 and 208 of Title 18 of the United States Code, relating to conflicts of interest","Revoked by: EO 11222, May 8, 1965",11125,""
28 FR 12079,,"","","",Presidential Document,Executive Order,11/13/1963,1963-11-09,"",Creating an emergency board to investigate a dispute between the Florida East Coast Railway Company and certain of its employees,"Revoked by: EO 12553, February 25, 1986",11127,""
26 FR 781,,"","","",Presidential Document,Executive Order,01/26/1961,1961-01-24,"","Inspection of income, estate, and gift tax returns by the Senate Committee on Government Operations","",10916,""
26 FR 1427,,"","","",Presidential Document,Executive Order,02/18/1961,1961-02-16,"",Establishing the President's Advisory Committee on Labor-Management Policy,"Revoked by: EO 11710, April 4, 1973",10918,""
26 FR 1463,,"","","",Presidential Document,Executive Order,02/21/1961,1961-02-18,"","Revoking Executive Order No. 10700 of February 25, 1957, as amended (Operations Coordinating Board)","Revokes: EO 10700, February 25, 1957",10920,""
26 FR 1655,,"","","",Presidential Document,Executive Order,02/25/1961,1961-02-23,"","Amending Executive Order 10922 of February 21, 1961, establishing a commission to inquire into a controversy between certain air carriers and certain of their employees","Amends: EO 10921, February 21, 1961",10922,""
26 FR 2547,,"","","",Presidential Document,Executive Order,03/25/1961,1961-03-23,"",Abolishing the Committee on Government Activities Affecting Prices and Costs,"Revokes: EO 10802, January 23, 1959",10928,""
26 FR 2677,,"","","",Presidential Document,Executive Order,03/30/1961,1961-03-29,"","Amendment of section 1 of Executive Order No. 10673, establishing the President's Council on Youth Fitness","Amends: EO 10673, July 16, 1956
Revokes: EO 10704, March 25, 1957; EO      10740, November 21, 1957; EO 10785, October      17, 1958
Revoked by: EO 11074, January 8,      1963",10931,""
26 FR 3051,,"","","",Presidential Document,Executive Order,04/11/1961,1961-04-07,"","Modifying the exterior boundaries of certain National Forests in Illinois, Michigan, Missouri, and Wisconsin","Modifies: Proc. 1844, July 30, 1928; Proc. 1931, January 16, 1931; Proc.      1932, January 27, 1931; Proc. 1938, February 12, 1931; Proc. 2035, March      2, 1933; Proc. 2061, November 13, 1933; Proc. 2218, December 31, 1936; Proc.      2219, December 31, 1936; Proc. 2313, November 25, 1938; Proc. 2319, January      11, 1939; Proc. 2336, May 11, 1939; Proc. 2357, September 6, 1939; Proc.      2362, September 11, 1939; Proc. 2363, September 11, 1939;            EO 7359, May 5, 1936; EO 10374, July 15,      1952
See: Proc. 2060, November 13, 1933; Proc. 2220, January 11, 1937; Proc.      2318, January 3, 1939; Proc. 2384, January 31, 1940;            EO 6886, October 27, 1934; EO 11028, June      9, 1962",10932,""
26 FR 3185,,"","","",Presidential Document,Executive Order,04/14/1961,1961-04-12,"","Amending Executive Order No. 10923, February 24, 1961, to extend the time within which the board created therein, to investigate disputes between Northwest Airlines, Inc., and certain of its employees, shall report its findings to the President","Amends: EO 10923, February 24, 1961
See: EO 11028, June 9, 1962
Revoked by: EO 12553, February 25, 1986",10933,""
26 FR 3233,,"","","",Presidential Document,Executive Order,04/15/1961,1961-04-13,"",Establishing the Administrative Conference of the United States,"Conference submitted final report December 31, 1962, recommending that a permanent Conference by established.
See: Public Law 88-499; 5 U.S.C. 571",10934,""
26 FR 3915,,"","","",Presidential Document,Executive Order,05/05/1961,1961-05-03,"","Amendment of Executive Order No. 10472, establishing the National Agricultural Advisory Commission","Amends: EO 10472, July 20, 1953
Revoked by: EO 11256, November 4, 1965",10937,""
26 FR 4277,,"","","",Presidential Document,Executive Order,05/17/1961,1961-05-15,"",Designation of certain officers to act as Secretary of the Treasury,"Revokes: EO 10586, January 13, 1955
Revoked by: EO 11680, August 21, 1972",10941,""
26 FR 4419,,"","","",Presidential Document,Executive Order,05/23/1961,1961-05-19,"","Amendment of Executive Order No. 10849, establishing a seal for the National Aeronautics and Space Administration","Amends: EO 10849, November 27, 1959",10942,""
26 FR 4419,,"","","",Presidential Document,Executive Order,05/23/1961,1961-05-19,"","Designating the Coffee Study Group as a public international organization entitled to enjoy certain privileges, exemptions, and immunities","Revoked by: EO 12033, January 10, 1978",10943,""
26 FR 4629,,"","","",Presidential Document,Executive Order,05/27/1961,1961-05-26,"",Establishing a program for resolving labor disputes at missile and space sites,"Revoked by: EO 11374, October 11, 1967",10946,""
26 FR 5283,,"","","",Presidential Document,Executive Order,06/14/1961,1961-06-12,"","Inspection of income, excess-profits, estate, and gift tax returns by the House Committee on Public Works","",10947,""
26 FR 5355,,"","","",Presidential Document,Executive Order,06/15/1961,1961-06-12,"",Establishing a commission to inquire into a controversy between certain carriers represented by the New York Harbor Carriers' Conference Committee and certain of their employees,"See: EO 10929, March 24, 1961",10948,""
26 FR 5787,,"","","",Presidential Document,Executive Order,06/29/1961,1961-06-27,"",Designating the Secretary of the Interior as the representative of the President to approve selections by the State of Alaska of public lands lying north and west of the National Defense Withdrawal Line,"See: Proc. 3269; unless 72 Stat. 339 was amended by January 3, 1984, this Executive Order would no longer be operating",10950,""
26 FR 6578,,"","","",Presidential Document,Executive Order,07/22/1961,1961-07-20,"",Creating an emergency board to investigate a dispute between the Southern Pacific Company (Pacific Lines) and certain of its employees,"Revoked by: EO 12553, February 25, 1985",10953,""
26 FR 6967,,"","","",Presidential Document,Executive Order,08/03/1961,1961-07-31,"",Administration of assistance in the development of Latin America and in the reconstruction of Chile,"Superseded by: EO 10973, November 3, 1961",10955,""
26 FR 7753,,"","","",Presidential Document,Executive Order,08/19/1961,1961-08-17,"",Authorizing the appointment of Mr. Maurice L. Kowal to a competitive position without regard to the civil service rules and regulations,"",10959,""
26 FR 7823,,"","","",Presidential Document,Executive Order,08/23/1961,1961-08-21,"","Amendment of Executive Order No. 10530, providing for the performance of certain functions vested in or subject to the approval of the President","Amends: EO 10530, May 10, 1954
See: EO 10889, October 5, 1960
Superseded by: EO 11230, June 28, 1965",10960,""
26 FR 8373,,"","","",Presidential Document,Executive Order,09/06/1961,1961-09-01,"","Creating an emergency board to investigate disputes between the Pullman Company and the Chicago, Milwaukee, St. Paul & Pacific Railroad Company and certain of their employees","Revoked by: EO 12553, February 25, 1986",10963,""
26 FR 8932,,"","","",Presidential Document,Executive Order,09/22/1961,1961-09-20,"",Amendment to Executive Order 10501вЂ”Safeguarding official information in the interests of the defense of the United States,"Amends: EO 10501, November 5,      1953
See: EO 10290, September 24, 1951; EO      11652, March 8, 1972",10964,""
26 FR 9451,,"","","",Presidential Document,Executive Order,10/07/1961,1961-10-05,"","Creating an emergency board to investigate a dispute between the Trans World Airlines, Inc., and certain of its employees","Revoked by: EO 12553, February 25, 1986",10965,""
26 FR 9667,,"","","",Presidential Document,Executive Order,10/13/1961,1961-10-10,"",Administration of Palmyra Island,Note: Sec. 4 includes clause for termination of order.,10967,""
26 FR 9667,,"","","",Presidential Document,Executive Order,10/13/1961,1961-10-10,"","Amendment of Executive Order No. 10858, relating to the President's Committee for Traffic Safety","Amends: EO 10858, January 13, 1960
Revoked by: EO 11382, November 28, 1967",10968,""
26 FR 10149,,"","","",Presidential Document,Executive Order,10/31/1961,1961-10-27,"",Delegating certain authority of the President to establish maximum per diem rates for Government personnel in travel status,"Amends: EO 10530, May 10, 1954
Amended by: EO 11230, June 28, 1965
Superseded by: EO 11294, August 4, 1966",10970,""
26 FR 10335,,"","","",Presidential Document,Executive Order,11/03/1961,1961-11-01,"","Creating an emergency board to investigate a dispute between Trans World Airlines, Inc., and certain of its employees","Revoked by: EO 12553, February 25, 1986",10971,""
26 FR 10629,,"","","",Presidential Document,Executive Order,11/14/1961,1961-11-10,"","Creating an emergency board to investigate a dispute between Pan American World Airways, Inc., and certain of its employees","Revoked by: EO 12553, February 25, 1986",10975,""
26 FR 10825,,"","","",Presidential Document,Executive Order,11/21/1961,1961-11-15,"",Suspension of the eight-hour law as to laborers and mechanics employed by the National Aeronautics and Space Administration,"See: Proc. 2914, December 16, 1950; Public Law 94-412 (50 U.S.C. 1691); 5 U.S.C. 673(c)
Revoked by: EO 12553, February 25, 1986",10976,""
26 FR 11471,,"","","",Presidential Document,Executive Order,12/05/1961,1961-12-04,"",Establishing the Armed Forces Expeditionary Medal,"Amended by: EO 11382, November 28, 1967; EO 13286, February 28, 2003
See: EO 13154, May 3, 2000",10977,""
26 FR 11714,,"","","",Presidential Document,Executive Order,12/07/1961,1961-12-05,"",Establishing Presidential awards for significant contributions to the export expansion program,"",10978,""
27 FR 32,,"","","",Presidential Document,Executive Order,01/04/1962,1961-12-30,"","Designating the Caribbean Organization as a public international organization entitled to enjoy certain privileges, exemptions, and immunities","Revokes in part: EO 10025, December 30,      1948",10983,""
27 FR 439,,"","","",Presidential Document,Executive Order,01/16/1962,1962-01-12,"","Amendment of Executive Order No.
10898,

Establishing the Interdepartmental Highway Safety Board","Amends: 		EO 10898, December 2, 1960
Revoked by: 		EO 11515, March 13, 1970",10986,""
27 FR 551,,"","","",Presidential Document,Executive Order,01/19/1962,1962-01-17,"",Employee-management cooperation in the Federal service,"Revoked by: 		EO 11491, October 29, 1969",10988,""
27 FR 727,,"","","",Presidential Document,Executive Order,01/25/1962,1962-01-22,"","Amendment of Executive Order No. 10168, of October 11, 1950, as amended, prescribing regulations relating to the right of enlisted members of the uniformed services to additional pay for sea and foreign duty","Amends: 		EO 10168, October 11, 1950
Revoked by: 		EO 11157, June 22, 1964",10989,""
27 FR 1065,,"","","",Presidential Document,Executive Order,02/06/1962,1962-02-02,"",Reestablishing the Federal Safety Council,"Revokes: 		EO 10194, December 19, 1950
Superseded by: 		EO 11612, July 26, 1971",10990,""
27 FR 1207,,"","","",Presidential Document,Executive Order,02/09/1962,1962-02-06,"","Making a change with respect to the membership of the

Commission established by Executive Order No.
10929,

relating to a controversy between certain carriers and certain of their

employees","Amends: 		EO 10929, March 24, 1961",10991,""
27 FR 1311,,"","","",Presidential Document,Executive Order,02/13/1962,1962-02-09,"",Redefining the boundaries of the Caribbean National Forest--Puerto Rico,"See: EO 7059-A, June 4, 1935; Proc. 495 (old No. 41) January 17, 1903; 		EO 13428, April 2, 2007",10992,""
27 FR 1447,,"","","",Presidential Document,Executive Order,02/16/1962,1962-02-14,"",The President's Committee on Employment of the Handicapped,"Supersedes: 		EO 10640, October 10, 1955
Amended by: 		EO 11018, April 27, 1962
Superseded by: 		EO 11480, September 9, 1969",10994,""
"",,"","","",Presidential Document,Executive Order,"",1962-02-16,"",Assigning telecommunications management functions,"Revokes: 		EO 10460, June 16, 1953
See: 		EO 11051, September 27, 1962
Amended by: 		EO 11084, February 15, 1963
Revoked by: 		EO 11556, September 4, 1970",10995,true
27 FR 1521,,"","","",Presidential Document,Executive Order,02/20/1962,1962-02-16,"","Promulgating regulations concerning withholding of compensation of civilian employees of the National Guard for State and State-sponsored employee retirement, disability, or death benefits programs","Supersedes: 		EO 10679, September 20, 1956",10996,""
27 FR 1524,,"","","",Presidential Document,Executive Order,02/20/1962,1962-02-16,"",Assigning emergency preparedness functions to the Secretary of Agriculture,"See: 		EO 10952, July 20, 1961; FR Doc. 62-9459, 27 FR 9418
Revoked by: 		EO 11490, October 28, 1969",10998,""
27 FR 1539,,"","","",Presidential Document,Executive Order,02/20/1962,1962-02-16,"",Assigning emergency preparedness functions to the Postmaster General,"See: 		EO 10952, July 20, 1961
Revoked by: 		EO 11490, October 28, 1969",11002,""
27 FR 1542,,"","","",Presidential Document,Executive Order,02/20/1962,1962-02-16,"",Assigning certain emergency preparedness functions to the Housing and Home Finance Administrator,"See: 		EO 10952, July 20, 1961
Revoked by: 		EO 11490, October 28, 1969",11004,""
27 FR 1544,,"","","",Presidential Document,Executive Order,02/20/1962,1962-02-16,"",Assigning emergency preparedness functions to the Interstate Commerce Commission,"See: 		EO 10952, July 20, 1961
Revoked by: 		EO 11490, October 28, 1969",11005,""
27 FR 1789,,"","","",Presidential Document,Executive Order,02/27/1962,1962-02-22,"","Creating an emergency board to investigate a dispute between Eastern Air Lines, Inc., and certain of its employees","Revoked by: 		EO 12553, February 25, 1986",11006,""
27 FR 1875,,"","","",Presidential Document,Executive Order,02/28/1962,1962-02-26,"",Prescribing regulations for the formation and use of advisory committees,"Supersedes Directive of February 2, 1959
Superseded by: 		EO 11671, June 5, 1972
See: 		EO 11136, January 3, 1964; 		EO 11425, August 30, 1968; 		EO 11458, March 5, 1969; 		EO 11523, April 9, 1970; 		EO 11614, August 5, 1971; 		EO 11625, October 13, 1971",11007,""
27 FR 2621,,"","","",Presidential Document,Executive Order,03/21/1962,1962-03-19,"","Amending Executive Order No.
10713,

relating to the administration of the Ryukyu Islands","Amends: 		EO 10713, June 5, 1957
Nullified by treaty on May 15, 1962 (TIAS 7314, 23 List 446)
See: 		EO 11263, December 20, 1965; 		EO 11395, January 31, 1968; 		EO 11618, September 10, 1971",11010,""
27 FR 2677,,"","","",Presidential Document,Executive Order,03/22/1962,1962-03-20,"","Creating an emergency board to investigate a dispute between the Trans World Airlines, Inc., and certain of its employees","Revoked by: 		EO 12553, February 25, 1986",11011,""
27 FR 4141,,"","","",Presidential Document,Executive Order,05/01/1962,1962-04-27,"",Providing for coordination with respect to outdoor recreation resources and establishing the Recreation Advisory Council,"Amended by: 		EO 11069, November 28, 1962; 		EO 11218, April 24, 1965
Superseded by: 		EO 11278, May 4, 1966",11017,""
27 FR 4407,,"","","",Presidential Document,Executive Order,05/09/1962,1962-05-07,"","Inspection of income, excess-profits, estate, and gift tax returns by the Senate Committee on Armed Services","",11020,""
27 FR 4409,,"","","",Presidential Document,Executive Order,05/09/1962,1962-05-07,"",Administration of the Trust Territory of the Pacific Islands by the Secretary of the Interior,"Supersedes: 		EO 10265, June 29, 1951; 		EO 10408, November 10, 1952; 		EO 10470, July 17, 1953
Amended by: 		EO 11944, October 25, 1976
Superseded by: 		EO 12569, October 16, 1986
See: 		EO 9875, July 18, 1947",11021,""
27 FR 5131,,"","","",Presidential Document,Executive Order,06/01/1962,1962-05-28,"",Providing for the performance by the Secretary of Commerce of certain functions relating to the Coast and Geodetic Survey,"Supersedes Letter to Sec. of Commerce, April 23, 1929
Amended by: 		EO 12608, September 9, 1987; 		EO 13341, May 20, 2004
Coast and Geodetic Survey was transferred to the Environmental Science Services Administration under Reorganization Plan 2 of 1965 and ESSA was transferred to NOAA under Reorganization Plan 4 of 1970. The Coast and Geodetic Survey is now the National Ocean Survey. per NOAA, Gen. Counsel's Office",11023,""
27 FR 5385,,"","","",Presidential Document,Executive Order,06/07/1962,1962-06-04,"",Exemption of Alan T. Waterman from compulsory retirement for age,"",11024,""
27 FR 5467,,"","","",Presidential Document,Executive Order,06/09/1962,1962-06-07,"",Creating a Board of Inquiry to report on a labor dispute affecting the aircraft industry of the United States,"Amended by: 		EO 11026, June 8, 1962; 		EO 11029, June 13, 1962
Revoked by: 		EO 12553, February 25, 1986",11025,""
27 FR 5901,,"","","",Presidential Document,Executive Order,06/22/1962,1962-06-19,"","Amendment of Executive Order No. 5952 of November 23, 1932, as amended, prescribing the Army ration","Amends: EO 5952, November 23, 1932
Revoked by: 		EO 11339, March 28, 1967",11032,""
27 FR 5903,,"","","",Presidential Document,Executive Order,06/22/1962,1962-06-20,"","Creating an emergency board to investigate disputes between the American Airlines, Inc., and certain of its employees","Revoked by: 		EO 12553, February 25, 1986",11033,""
27 FR 6071,,"","","",Presidential Document,Executive Order,06/28/1962,1962-06-25,"",Administration of the Mutual Educational and Cultural Exchange Act of 1961,"Supersedes: 		EO 10716, June 17, 1957; 		EO 10912, January 18, 1961; letters of August 16, 1955, and August 21, 1956 to the U.S. Information Agency Director
Amended by: 		EO 11380, November 8, 1967; 		EO 12292, February 23, 1981; 		EO 12608, September 9, 1987
See: 		EO 10450, April 27, 1953; 		EO 11014, April 17, 1962",11034,""
27 FR 6519,,"","","",Presidential Document,Executive Order,07/11/1962,1962-07-09,"",Management of Federal office space,"Partly revokes letter of August 31, 1960, to General Services Administrator
Superseded by: 		EO 11512, February 27, 1970",11035,""
27 FR 6967,,"","","",Presidential Document,Executive Order,07/24/1962,1962-07-20,"","Amendment of section 12 of Executive Order No. 6260 of August 28, 1933, as amended","Amends: EO 6260, August 28, 1933
Revoked by: 		EO 11825, December 31, 1974",11037,""
27 FR 7003,,"","","",Presidential Document,Executive Order,07/25/1962,1962-07-23,"","Continuing in effect Executive Order No.
10945

of May 24, 1961, relating to the administration of the Export Control Act

of 1949, as amended","Continues in effect 		EO 10945, May 24, 1961",11038,""
27 FR 7857,,"","","",Presidential Document,Executive Order,08/09/1962,1962-08-06,"",Creating an emergency board to investigate dispute between the Belt Railway Company of Chicago and certain of its employees,"Revoked by: 		EO 12553, February 25, 1986",11040,""
27 FR 7859,,"","","",Presidential Document,Executive Order,08/09/1962,1962-08-06,"",Continuance and administration of the Peace Corps in the Department of State,"Supersedes: 		EO 10924, March 1, 1961
Amended by: 		EO 11250, October 10, 1965
Superseded by: 		EO 11603, June 30, 1971; 		EO 12137, May 16, 1979
See: 		EO 10450, April 27, 1953; 		EO 10784, October 1, 1958",11041,""
27 FR 8157,,"","","",Presidential Document,Executive Order,08/16/1962,1962-08-14,"","Creating an emergency board to investigate dispute between the Pan American World Airways, Inc. and certain of its employees","Revoked by: 		EO 12553, February 25, 1986",11043,""
27 FR 9203,,"","","",Presidential Document,Executive Order,09/18/1962,1962-09-14,"",Providing for the carrying out of the Public Works Acceleration Act,"Revoked by: 		EO 12553, February 25, 1986",11049,""
27 FR 9205,,"","","",Presidential Document,Executive Order,09/18/1962,1962-09-14,"",Creating an emergency board to investigate disputes between the REA Express and certain of its employees,"Revoked by: 		EO 12553, February 25, 1986",11050,""
27 FR 9683,,"","","",Presidential Document,Executive Order,10/02/1962,1962-09-27,"",Prescribing responsibilities of the Office of Emergency Planning in the Executive Office of the President,"Amends: Proc. 3279, March 10, 1959; 		EO 10242, May 8, 1951; 		EO 10260, June 27, 1951; 		EO 10296, October 2, 1951; 		EO 10312, December 10, 1951; 		EO 10346, April 17, 1952; 		EO 10421, December 31, 1952; 		EO 10427, January 16, 1953; 		EO 10480, August 14, 1953; 		EO 10494, October 14, 1953; 		EO 10529, April 22, 1954; 		EO 10582, December 17, 1954; 		EO 10601, March 21, 1955; 		EO 10634, August 25, 1955; 		EO 10660, February 15, 1956; 		EO 10705, April 17, 1957; 		EO 10737, October 29, 1957; 		EO 10789, November 14, 1958; 		EO 10900, January 5, 1961; 		EO 10952, July 20, 1961; 		EO 10958, August 14, 1961
Revokes: 		EO 9981, July 26, 1948; 		EO 10219, February 28, 1951; 		EO 10269, July 6, 1951; 		EO 10438, March 13, 1953; 		EO 10461, June 17, 1953; 		EO 10524, March 31, 1954; 		EO 10539, June 22, 1954; 		EO 10638, October 10, 1955; 		EO 10773, July 1, 1958; 		EO 10782, September 6, 1958; 		EO 10902, January 9, 1961
Amended by: 		EO 11075, January 15, 1963; 		EO 11556, September 4, 1970; 		EO 12046, March 27, 1978
Revoked in part by: 		EO 11725, June 27, 1973
Revoked by: 		EO 12148, July 20, 1979
See: 		EO 10995, February 16, 1962; 		EO 11030, June 19, 1962; Reorganization Plan No. 1 of 1958; Memorandum of February 9, 1962; 		EO 11610, July 22, 1971; 		EO 11725, June 27, 1973
NOTE: See Public Law 94-412 (90 Stat. 1255; 50 U.S.C. 1601), which terminates, effective September 14, 1978, all powers and authorities, except those expressly cited, possessed by the President and/or other Federal officials as a result of any declaration of a national emergency in effect on September 14, 1976",11051,""
27 FR 9691,,"","","",Presidential Document,Executive Order,10/02/1962,1962-09-28,"",Cotton textiles and cotton textile products,"Amended by: 		EO 11214, April 7, 1965
Superseded by: 		EO 11651, March 3, 1972",11052,""
27 FR 9981,,"","","",Presidential Document,Executive Order,10/11/1962,1962-10-09,"",Inspection of income tax returns by the House Select Committee on Small Business,"",11055,""
27 FR 10403,,"","","",Presidential Document,Executive Order,10/25/1962,1962-10-23,"",Assigning authority with respect to ordering persons and units in the Ready Reserve to active duty and with respect to extension of enlistments and other periods of service in the armed forces,"See: 		EO 10957, August 10, 1961",11058,""
27 FR 10405,,"","","",Presidential Document,Executive Order,10/25/1962,1962-10-23,"","Designating public international organizations entitled to enjoy certain privileges, exemptions, and immunities","",11059,""
27 FR 10925,,"","","",Presidential Document,Executive Order,11/09/1962,1962-11-07,"",Prescribing certain regulations and delegating to the Attorney General certain authority of the President to prescribe other regulations relating to the recovery from tortiously liable third persons of the cost of hospital and medical care and treatment furnished by the United States,"Amended by: 		EO 12608, September 9, 1987",11060,""
27 FR 11527,,"","","",Presidential Document,Executive Order,11/24/1962,1962-11-20,"",Equal opportunity in housing,"Amended by: 		EO 12259, December 31, 1980; 		EO 12892, January 17, 1994
Revoked part by: 		EO 12892, January 17, 1994
President's Committee on Equal Opportunity in Housing terminated sometime in 1968, per Office of Equal Opportunity in HUD. See 33 FR 15903 and 35 FR 2827.
See: Memorandum of January 17, 1994 (Expands provisions of EO)",11063,""
27 FR 11579,,"","","",Presidential Document,Executive Order,11/27/1962,1962-11-21,"","Excusing Federal employees from duty on December 24, 1962","",11064,""
27 FR 11581,,"","","",Presidential Document,Executive Order,11/27/1962,1962-11-21,"","Inspection of income, excess-profits, estate, and gift tax returns by the Senate Committee on Foreign Relations","",11065,""
27 FR 11733,,"","","",Presidential Document,Executive Order,11/29/1962,1962-11-27,"","Including certain tracts of land in the Cherokee and Jefferson National Forests, in Tennessee and Virginia","See: 		EO 10530, May 10, 1954; GSA Order transferring control of certain land to TVA (37 FR 11294)",11066,""
27 FR 11749,,"","","",Presidential Document,Executive Order,11/29/1962,1962-11-27,"","Including certain tracts of land in the Nantahala and Cherokee National Forests, respectively","See: 		EO 10530, May 10, 1954",11067,""
28 FR 259,,"","","",Presidential Document,Executive Order,01/10/1963,1963-01-08,"",Establishing the President's Council on Physical Fitness,"Amends: EO 10830, July 24, 1959
Revokes: EO 10673, July 16, 1956; EO      10772, June 30, 1958; EO 10931,      March 29, 1961
Revoked by: EO 11398, March 4, 1968",11074,""
28 FR 477,,"","","",Presidential Document,Executive Order,01/18/1963,1963-01-15,"",Establishing the President's Advisory Commission on Narcotic and Drug Abuse,"",11076,""
28 FR 679,,"","","",Presidential Document,Executive Order,01/25/1963,1963-01-23,"","Creating a Board of Inquiry to report on a labor dispute affecting the ballistics missile, space vehicle and military aircraft industry","Revoked by: EO 12553, February 25, 1986",11078,""
28 FR 819,,"","","",Presidential Document,Executive Order,01/29/1963,1963-01-25,"","Providing for the prescribing of regulations under which members of the armed forces and others may accept fellowships, scholarships or grants","Amended by: EO 11382, November 28, 1967;      EO 12608, September 9, 1987; EO 13286, February 28, 2003",11079,""
28 FR 1531,,"","","",Presidential Document,Executive Order,02/19/1963,1963-02-15,"","Amending Executive Order No. 10995, relating to telecommunications","Amends: EO 10995, February 16, 1962
Revoked by: EO 11556, September 4, 1970",11084,""
28 FR 1833,,"","","",Presidential Document,Executive Order,02/28/1963,1963-02-26,"",Amendment of Executive Order No. 10587 relating to the administration of section 32(h) of the Trading with the Enemy Act,"Amends: EO 10587, January 13, 1955
Revoked by: EO 12553, February 25, 1986",11086,""
28 FR 1843,,"","","",Presidential Document,Executive Order,02/28/1963,1963-02-26,"",Assigning emergency preparedness functions to the Civil Service Commission,"Revoked by: EO 11490, October 28,      1969",11091,""
28 FR 2615,,"","","",Presidential Document,Executive Order,03/19/1963,1963-03-14,"",Amending the Selective Service regulations,"Amends: EO 10001, September 17, 1948; EO      10008, October 18, 1948; EO 10202, January      12, 1951; EO 10292, September 25, 1951; EO      10420, December 17, 1952; EO 10469,      July 11, 1953; EO 10594, January 31, 1955;      EO 10659, February 15, 1956; EO      10714, June 13, 1957; EO 10735, October      17, 1957; EO 10809, March 19, 1959; EO      10984, January 5, 1962
Amended by: EO 11119, September 10, 1963; EO      11188, November 17, 1964; EO 11241, August      26, 1965; EO 11266, January 18, 1966; EO      11360, June 30, 1967; EO 11497,      November 26, 1969; EO 11527, April 23, 1970;      EO 11537, June 16, 1970; EO      11553, August 26, 1970; EO 11563, September      26, 1970
Revoked by: EO 12553, February 25, 1986",11098,""
28 FR 2619,,"","","",Presidential Document,Executive Order,03/19/1963,1963-03-14,"","Inspection of income, estate, and gift tax returns by the House of Committee on Public Works","",11099,""
28 FR 3149,,"","","",Presidential Document,Executive Order,04/02/1963,1963-03-30,"",Establishing the President's Commission on Registration and Voting Participation,"Amended by: EO 11134, December 20,      1963",11100,""
28 FR 3689,,"","","",Presidential Document,Executive Order,04/16/1963,1963-04-12,"",U.S.S. Thresher,"",11104,""
28 FR 3911,,"","","",Presidential Document,Executive Order,04/20/1963,1963-04-18,"",Providing for the administration of the trade agreements program and related matters,"Amends: EO 11075, January 15, 1963
Revoked by: EO 11846, March 27, 1975
See: EO 11030, June 19, 1962; EO 11113, June 13, 1963; Title 15 CFR, Chap. VI, Part 610",11106,""
28 FR 4225,,"","","",Presidential Document,Executive Order,04/30/1963,1963-04-25,"",Administration of Alaska railroads,"Supersedes: EO 3861, June 8, 1923
Superseded by: EO 12434, July 19, 1983",11107,""
28 FR 5351,,"","","",Presidential Document,Executive Order,05/30/1963,1963-05-27,"","Inspection of income, excess-profits, estate, and gift tax returns by the Committee on Un-American Activities, House of Representatives","",11109,""
28 FR 5605,,"","","",Presidential Document,Executive Order,06/07/1963,1963-06-04,"","Amendment of Executive Order No. 10289, as amended, relating to the performance of certain functions affecting the Department of the Treasury","Amends: EO 10289, September 17, 1951",11110,""
28 FR 6037,,"","","",Presidential Document,Executive Order,06/14/1963,1963-06-12,"",Establishing the President's Advisory Council on the Arts,"Amended by: EO 11124, October 28, 1963
Revoked by: EO 11208, March 24, 1965",11112,""
28 FR 6905,,"","","",Presidential Document,Executive Order,07/06/1963,1963-07-04,"","Creating an emergency board to investigate disputes between the Pullman Company, the Chicago, Rock Island & Pacific Railroad Company, the New York Central System, and the Soo Line Railroad Company and  certain of their employees","Revoked by: EO 12553, February 25, 1986",11115,""
28 FR 8397,,"","","",Presidential Document,Executive Order,08/16/1963,1963-08-13,"",Establishing an Interagency Committee on International Athletics,"Revoked by: EO 11515, March 13, 1970",11117,""
28 FR 10855,,"","","",Presidential Document,Executive Order,10/10/1963,1963-10-09,"","Creating an emergency board to investigate a dispute between the United Air Lines, Inc., and certain of its employees","Revoked by: EO 12553, February 25, 1986",11121,""
28 FR 11171,,"","","",Presidential Document,Executive Order,10/18/1963,1963-10-16,"",Establishing the Rural Development Committee,"Revokes: EO 10847, October 12, 1959
Superseded by: EO 11307, September 30, 1966",11122,""
28 FR 11717,,"","","",Presidential Document,Executive Order,11/01/1963,1963-11-01,"",Establishing a committee and a council relating to the status of women,"Amended by: EO 11221, May 6, 1965; EO      12007, August 22, 1977
Citizens' Advisory Council on the Status of Women continued by: EO      11827, January 4, 1975; EO 11948, December      20, 1976
Council terminated by EO 12007, August      22, 1977
Revoked by: EO 12050, April 4, 1978
See: EO 10980, December 14, 1961",11126,""
